model,mae_log,rmse_log,r2,mae_actual,rmse_actual,mape_pct
Tabular Only,0.6237796035831288,0.8033491554442866,-1.6048573978298126,,,
Image Only,0.44885388692331035,0.5780535796327292,-0.34868789609591877,,,
Multimodal (Ours),0.5243724894648956,0.6205531436124148,-0.554294213218463,207518.05,255306.38,53.81
